"p","snr","method","mean","half","n"
20,0.05,"bag_fsr",-0.0163960571185581,0.00264409310276067,600
100,0.05,"bag_fsr",-0.00438836645692694,0.00617965596061831,150
20,0.25,"bag_fsr",-0.0327001610164277,0.00421947361107263,600
100,0.25,"bag_fsr",-0.0453134446236172,0.0111019758626083,150
20,1,"bag_fsr",0.0103757876908021,0.00586795267373963,600
100,1,"bag_fsr",0.0874836832457233,0.0209933545075303,150
20,6,"bag_fsr",0.00540402760905777,0.00315744026663945,600
100,6,"bag_fsr",0.0114683680283511,0.00770755044650151,150
20,0.05,"beam_avg",-0.0142235882532675,0.00221751355733748,600
100,0.05,"beam_avg",-0.00697361684479386,0.00562843001846326,150
20,0.25,"beam_avg",-0.0230540989320744,0.00378088934124823,600
100,0.25,"beam_avg",-0.034035445131447,0.00801469493725225,150
20,1,"beam_avg",-0.0051981008857574,0.00510183956565046,600
100,1,"beam_avg",0.000478655437451884,0.0152756987448196,150
20,6,"beam_avg",-0.00101452993801359,0.00229643306283886,600
100,6,"beam_avg",0.00018275992478616,0.00404599983420416,150
20,0.05,"beam_best",0.000110327428141169,0.00123637635942223,600
100,0.05,"beam_best",0.00300101653897853,0.00254704854596088,150
20,0.25,"beam_best",0.00202496445951776,0.00201072411491265,600
100,0.25,"beam_best",-0.00144821565053985,0.00727071042189757,150
20,1,"beam_best",3.7574717499947e-05,0.00310699730318998,600
100,1,"beam_best",-0.0132415544496116,0.0140060436969132,150
20,6,"beam_best",-0.000921377723708244,0.00138948688164797,600
100,6,"beam_best",-0.00265800449892923,0.00436294779469571,150
20,0.05,"beam_bic",-0.0117105324749443,0.00239172996473502,600
100,0.05,"beam_bic",-0.00589523941096587,0.00461771122232424,150
20,0.25,"beam_bic",-0.0147332570011778,0.00303373635141491,600
100,0.25,"beam_bic",-0.0271920488395383,0.00775250437053065,150
20,1,"beam_bic",-0.00364226440474788,0.00353257753919502,600
100,1,"beam_bic",-0.00521777258970242,0.0141499767202006,150
20,6,"beam_bic",-0.00340632048321604,0.00217659829596229,600
100,6,"beam_bic",-0.00668649429487844,0.00468621977059902,150
20,0.05,"best_subset",0.000265008225226026,0.00126786408500519,600
20,0.25,"best_subset",0.00215127679671837,0.00200225787527151,600
20,1,"best_subset",-2.27520042912374e-05,0.00310799882541586,600
20,6,"best_subset",-0.000962573067927705,0.00139915069789819,600
20,0.05,"bicreg",0.00656938415853385,0.00474423401576585,600
20,0.25,"bicreg",-0.00907987394346997,0.00468267332873925,600
20,1,"bicreg",0.0081550619011118,0.00508903322533885,600
20,6,"bicreg",0.0152903177529184,0.00432848913483227,600
20,0.05,"csr",-0.0235507524632395,0.00272716191331336,600
100,0.05,"csr",-0.0100796528153159,0.0057596489332981,150
20,0.25,"csr",-0.0450111924789721,0.0049034416908466,600
100,0.25,"csr",-0.0337235926773344,0.0108945128587584,150
20,1,"csr",0.0479907610170799,0.00813550548438682,600
100,1,"csr",0.389054441489066,0.0267490851178068,150
20,6,"csr",0.145790654364506,0.00764713543799396,600
100,6,"csr",1.92749157421058,0.081743858941404,150
20,0.05,"relaxed_lasso",-0.0134202302293716,0.00230004013295961,600
100,0.05,"relaxed_lasso",0.000625818105909138,0.00660635110512054,150
20,0.25,"relaxed_lasso",-0.0445270708360392,0.00406588958013107,600
100,0.25,"relaxed_lasso",-0.0481295072348231,0.0109254222879463,150
20,1,"relaxed_lasso",-0.0243581119951442,0.00576519608037067,600
100,1,"relaxed_lasso",-0.00137346128122376,0.0190063944397748,150
20,6,"relaxed_lasso",-0.00354822228376138,0.00320241436621632,600
100,6,"relaxed_lasso",0.00733187739983451,0.00814530170722895,150
